日期,题目,是,否,跳过,是否正确
2026-08-03,二乘七等于十四，2*7 = 14,1,,,1
2026-08-03,二分之一加三分之一等于六分之五，1/2 + 1/3 = 5/6,1,,,1
2026-08-03,二的二次方等于四，2^2 = 4,1,,,1
2026-08-03,二的三次方大于三的二次方，2^3 > 3^2,,1,,1
2026-08-03,世界上国土面积最大的国家是俄罗斯,1,,,1
2026-08-03,地球上海洋的面积比陆地大,1,,,1
2026-08-03,爱因斯坦提出了相对论,1,,,1
2026-08-03,遗传信息的流动方向：DNA -> RNA -> 蛋白质。,1,,,1
2026-08-04,氢原子是最轻的原子,1,,,1
2026-08-04,五分之一减去六分之一等于三十分之一，1/5 - 1/6 = 1/30,1,,,1
2026-08-04,二的五次方大于三的三次方，2^5 > 3^3,1,,,1
2026-08-04,物体在不受力的情况下会保持静止或者匀速直线运动,1,,,1
2026-08-04,氢氧化钠是酸性的,,1,,1
2026-08-04,达尔文提出了自然选择学说,1,,,1
2026-08-04,DNA是双螺旋结构,1,,,1
2026-08-04,世界上国土面积第二大的国家是加拿大,1,,,1
2026-08-04,世界上最高的山峰是珠穆朗玛峰,1,,,1
2026-08-06,四的二次方大于三的三次方，4^2 > 3^3,,1,,1
2026-08-06,5，5，8，这三个数字的平均数是7。,,1,,1
2026-08-06,2x+8=14的解是x=3,1,,,1
2026-08-06,x^2 - 2x + 1 = 4 的解是 x = 3 和 x = -1,1,,,1
2026-08-06,盐酸是氯化氢水溶液的俗称,1,,,1
2026-08-06,中国面积最大的省或自治区是内蒙古,1,,,1
2026-08-06,蛋白质是生物大分子，是由成千上万的氨基酸组成的长链。,1,,,1
2026-08-06,我们现在在广东省广州市,1,,,1
2026-08-06,我们昨天做实验了嘛？,1,,,1
2026-08-06,今天是周三,,1,,1
2026-08-06,今天是2026年6月,,1,,1
2026-08-07,根号三大于1.7,1,,,1
2026-08-07,根号二小于1.4,,1,,1
2026-08-07,5、13、15都是质数,,1,,1
2026-08-07,0.4 * 0.5 = 0.2,1,,,1
2026-08-07,0.5 * 0.8 = 0.04,,1,,1
2026-08-07,a = b，b = c，则a一定等于c,1,,,1
2026-08-07,"设A, B, C为三条直线，A平行B，B平行C，则A一定平行于C",1,,,1
2026-08-07,现在有红、黑、蓝、黄四个颜色的小球，从中随机取3个，一共有6种情况,1,,,1
2026-08-07,中国人口最多的省是浙江省,,1,,1
2026-08-07,中国人口最多的省是江苏省,,1,,1
2026-08-07,中国人口超过一亿的省有两个,1,,,1
2026-08-07,北京奥运会在2008年举办,1,,,1
